coach_id,canonical_name,normalized_name
coach-aaron-glenn,Aaron Glenn,aaron-glenn
coach-aaron-kromer,Aaron Kromer,aaron-kromer
coach-adam-gase,Adam Gase,adam-gase
coach-adam-stenavich,Adam Stenavich,adam-stenavich
coach-al-saunders,Al Saunders,al-saunders
coach-alex-tanney,Alex Tanney,alex-tanney
coach-alex-van-pelt,Alex Van Pelt,alex-van-pelt
coach-andrew-janocko,Andrew Janocko,andrew-janocko
coach-andy-reid,Andy Reid,andy-reid
coach-anthony-lynn,Anthony Lynn,anthony-lynn
coach-antonio-pierce,Antonio Pierce,antonio-pierce
coach-arthur-smith,Arthur Smith,arthur-smith
coach-ashton-grant,Ashton Grant,ashton-grant
coach-austin-davis,Austin Davis,austin-davis
coach-ben-johnson,Ben Johnson,ben-johnson
coach-ben-mcadoo,Ben McAdoo,ben-mcadoo
coach-ben-mcdaniels,Ben McDaniels,ben-mcdaniels
coach-bill-belichick,Bill Belichick,bill-belichick
coach-bill-callahan,Bill Callahan,bill-callahan
coach-bill-lazor,Bill Lazor,bill-lazor
coach-bill-muir,Bill Muir,bill-muir
coach-bill-musgrave,Bill Musgrave,bill-musgrave
coach-bill-o-brien,Bill O'Brien,bill-o-brien
coach-bo-hardegree,Bo Hardegree,bo-hardegree
coach-bob-bratkowski,Bob Bratkowski,bob-bratkowski
coach-bobby-slowik,Bobby Slowik,bobby-slowik
coach-brad-childress,Brad Childress,brad-childress
coach-brad-idzik,Brad Idzik,brad-idzik
coach-brad-kragthorpe,Brad Kragthorpe,brad-kragthorpe
coach-brandon-staley,Brandon Staley,brandon-staley
coach-brian-callahan,Brian Callahan,brian-callahan
coach-brian-daboll,Brian Daboll,brian-daboll
coach-brian-flores,Brian Flores,brian-flores
coach-brian-griese,Brian Griese,brian-griese
coach-brian-johnson,Brian Johnson,brian-johnson
coach-brian-schottenheimer,Brian Schottenheimer,brian-schottenheimer
coach-bruce-arians,Bruce Arians,bruce-arians
coach-bush-hadman,Bush Hadman,bush-hadman
coach-byron-leftwich,Byron Leftwich,byron-leftwich
coach-cam-cameron,Cam Cameron,cam-cameron
coach-cam-turner,Cam Turner,cam-turner
coach-carl-smith,Carl Smith,carl-smith
coach-chan-gailey,Chan Gailey,chan-gailey
coach-charles-london,Charles London,charles-london
coach-charlie-frye,Charlie Frye,charlie-frye
coach-charlie-weis,Charlie Weis,charlie-weis
coach-chip-kelly,Chip Kelly,chip-kelly
coach-chris-beatty,Chris Beatty,chris-beatty
coach-chris-miller,Chris Miller,chris-miller
coach-chris-palmer,Chris Palmer,chris-palmer
coach-chris-tabor,Chris Tabor,chris-tabor
coach-chris-weinke,Chris Weinke,chris-weinke
coach-chuck-pagano,Chuck Pagano,chuck-pagano
coach-clyde-christensen,Clyde Christensen,clyde-christensen
coach-craig-johnson,Craig Johnson,craig-johnson
coach-curtis-modkins,Curtis Modkins,curtis-modkins
coach-d-j-williams,D.J. Williams,d-j-williams
coach-dan-campbell,Dan Campbell,dan-campbell
coach-dan-henning,Dan Henning,dan-henning
coach-dan-pitcher,Dan Pitcher,dan-pitcher
coach-dan-quinn,Dan Quinn,dan-quinn
coach-danny-langsdorf,Danny Langsdorf,danny-langsdorf
coach-darrell-bevell,Darrell Bevell,darrell-bevell
coach-dave-canales,Dave Canales,dave-canales
coach-dave-ragone,Dave Ragone,dave-ragone
coach-david-culley,David Culley,david-culley
coach-david-girardi,David Girardi,david-girardi
coach-david-lee,David Lee,david-lee
coach-davis-webb,Davis Webb,davis-webb
coach-declan-doyle,Declan Doyle,declan-doyle
coach-demeco-ryans,DeMeco Ryans,demeco-ryans
coach-dennis-allen,Dennis Allen,dennis-allen
coach-dirk-koetter,Dirk Koetter,dirk-koetter
coach-doug-marrone,Doug Marrone,doug-marrone
coach-doug-nussmeier,Doug Nussmeier,doug-nussmeier
coach-doug-pederson,Doug Pederson,doug-pederson
coach-dowell-loggains,Dowell Loggains,dowell-loggains
coach-drew-petzing,Drew Petzing,drew-petzing
coach-eddie-faulkner,Eddie Faulkner,eddie-faulkner
coach-edgar-bennett,Edgar Bennett,edgar-bennett
coach-eric-bieniemy,Eric Bieniemy,eric-bieniemy
coach-eric-mangini,Eric Mangini,eric-mangini
coach-eric-studesville,Eric Studesville,eric-studesville
coach-frank-cignetti-jr,Frank Cignetti Jr,frank-cignetti-jr
coach-frank-reich,Frank Reich,frank-reich
coach-frank-scelfo,Frank Scelfo,frank-scelfo
coach-frank-smith,Frank Smith,frank-smith
coach-freddie-kitchens,Freddie Kitchens,freddie-kitchens
coach-gary-kubiak,Gary Kubiak,gary-kubiak
coach-geep-chryst,Geep Chryst,geep-chryst
coach-george-cortez,George Cortez,george-cortez
coach-george-godsey,George Godsey,george-godsey
coach-giff-smith,Giff Smith,giff-smith
coach-glenn-thomas,Glenn Thomas,glenn-thomas
coach-greg-knapp,Greg Knapp,greg-knapp
coach-greg-olson,Greg Olson,greg-olson
coach-greg-roman,Greg Roman,greg-roman
coach-greg-schiano,Greg Schiano,greg-schiano
coach-gregg-williams,Gregg Williams,gregg-williams
coach-gus-bradley,Gus Bradley,gus-bradley
coach-harold-goodwin,Harold Goodwin,harold-goodwin
coach-hue-jackson,Hue Jackson,hue-jackson
coach-israel-woolfork,Israel Woolfork,israel-woolfork
coach-j-t-barrett,J.T. Barrett,j-t-barrett
coach-jack-del-rio,Jack Del Rio,jack-del-rio
coach-james-urban,James Urban,james-urban
coach-jason-garrett,Jason Garrett,jason-garrett
coach-jason-michael,Jason Michael,jason-michael
coach-jay-gruden,Jay Gruden,jay-gruden
coach-jay-rosburg,Jay Rosburg,jay-rosburg
coach-jedd-fisch,Jedd Fisch,jedd-fisch
coach-jeff-davidson,Jeff Davidson,jeff-davidson
coach-jeff-fisher,Jeff Fisher,jeff-fisher
coach-jeff-saturday,Jeff Saturday,jeff-saturday
coach-jeff-tedford,Jeff Tedford,jeff-tedford
coach-jeremy-bates,Jeremy Bates,jeremy-bates
coach-jerod-mayo,Jerod Mayo,jerod-mayo
coach-jerry-schuplinski,Jerry Schuplinski,jerry-schuplinski
coach-jim-bob-cooter,Jim Bob Cooter,jim-bob-cooter
coach-jim-caldwell,Jim Caldwell,jim-caldwell
coach-jim-harbaugh,Jim Harbaugh,jim-harbaugh
coach-jim-schwartz,Jim Schwartz,jim-schwartz
coach-jim-tomsula,Jim Tomsula,jim-tomsula
coach-jim-zorn,Jim Zorn,jim-zorn
coach-jimmy-raye,Jimmy Raye,jimmy-raye
coach-joe-brady,Joe Brady,joe-brady
coach-joe-judge,Joe Judge,joe-judge
coach-joe-lombardi,Joe Lombardi,joe-lombardi
coach-joe-philbin,Joe Philbin,joe-philbin
coach-joe-vitt,Joe Vitt,joe-vitt
coach-john-defilippo,John DeFilippo,john-defilippo
coach-john-fox,John Fox,john-fox
coach-john-harbaugh,John Harbaugh,john-harbaugh
coach-john-mcnulty,John McNulty,john-mcnulty
coach-john-morton,John Morton,john-morton
coach-john-ramsdell,John Ramsdell,john-ramsdell
coach-jon-gruden,Jon Gruden,jon-gruden
coach-jon-kitna,Jon Kitna,jon-kitna
coach-jonathan-gannon,Jonathan Gannon,jonathan-gannon
coach-josh-grizzard,Josh Grizzard,josh-grizzard
coach-josh-mccown,Josh McCown,josh-mccown
coach-josh-mcdaniels,Josh McDaniels,josh-mcdaniels
coach-justin-outten,Justin Outten,justin-outten
coach-karl-dorrell,Karl Dorrell,karl-dorrell
coach-kellen-moore,Kellen Moore,kellen-moore
coach-ken-dorsey,Ken Dorsey,ken-dorsey
coach-ken-whisenhunt,Ken Whisenhunt,ken-whisenhunt
coach-ken-zampese,Ken Zampese,ken-zampese
coach-kerry-joseph,Kerry Joseph,kerry-joseph
coach-kevin-gilbride,Kevin Gilbride,kevin-gilbride
coach-kevin-o-connell,Kevin O'Connell,kevin-o-connell
coach-kevin-patullo,Kevin Patullo,kevin-patullo
coach-kevin-rogers,Kevin Rogers,kevin-rogers
coach-kevin-stefanski,Kevin Stefanski,kevin-stefanski
coach-klay-kubiak,Klay Kubiak,klay-kubiak
coach-klayton-adams,Klayton Adams,klayton-adams
coach-kliff-kingsbury,Kliff Kingsbury,kliff-kingsbury
coach-klint-kubiak,Klint Kubiak,klint-kubiak
coach-kyle-shanahan,Kyle Shanahan,kyle-shanahan
coach-leslie-frazier,Leslie Frazier,leslie-frazier
coach-liam-coen,Liam Coen,liam-coen
coach-lovie-smith,Lovie Smith,lovie-smith
coach-luke-getsy,Luke Getsy,luke-getsy
coach-marc-trestman,Marc Trestman,marc-trestman
coach-marcus-arroyo,Marcus Arroyo,marcus-arroyo
coach-marcus-brady,Marcus Brady,marcus-brady
coach-mark-brunell,Mark Brunell,mark-brunell
coach-mark-helfrich,Mark Helfrich,mark-helfrich
coach-mark-whipple,Mark Whipple,mark-whipple
coach-marty-mornhinweg,Marty Mornhinweg,marty-mornhinweg
coach-marvin-lewis,Marvin Lewis,marvin-lewis
coach-matt-canada,Matt Canada,matt-canada
coach-matt-cavanaugh,Matt Cavanaugh,matt-cavanaugh
coach-matt-eberflus,Matt Eberflus,matt-eberflus
coach-matt-lafleur,Matt LaFleur,matt-lafleur
coach-matt-nagy,Matt Nagy,matt-nagy
coach-matt-patricia,Matt Patricia,matt-patricia
coach-matt-rhule,Matt Rhule,matt-rhule
coach-mel-tucker,Mel Tucker,mel-tucker
coach-mick-lombardi,Mick Lombardi,mick-lombardi
coach-mike-bajakian,Mike Bajakian,mike-bajakian
coach-mike-groh,Mike Groh,mike-groh
coach-mike-johnson,Mike Johnson,mike-johnson
coach-mike-kafka,Mike Kafka,mike-kafka
coach-mike-lafleur,Mike LaFleur,mike-lafleur
coach-mike-macdonald,Mike Macdonald,mike-macdonald
coach-mike-martz,Mike Martz,mike-martz
coach-mike-mccarthy,Mike McCarthy,mike-mccarthy
coach-mike-mccoy,Mike McCoy,mike-mccoy
coach-mike-mcdaniel,Mike McDaniel,mike-mcdaniel
coach-mike-miller,Mike Miller,mike-miller
coach-mike-mularkey,Mike Mularkey,mike-mularkey
coach-mike-munchak,Mike Munchak,mike-munchak
coach-mike-neu,Mike Neu,mike-neu
coach-mike-pettine,Mike Pettine,mike-pettine
coach-mike-shanahan,Mike Shanahan,mike-shanahan
coach-mike-sherman,Mike Sherman,mike-sherman
coach-mike-shula,Mike Shula,mike-shula
coach-mike-singletary,Mike Singletary,mike-singletary
coach-mike-smith,Mike Smith,mike-smith
coach-mike-sullivan,Mike Sullivan,mike-sullivan
coach-mike-tice,Mike Tice,mike-tice
coach-mike-tomlin,Mike Tomlin,mike-tomlin
coach-mike-vrabel,Mike Vrabel,mike-vrabel
coach-mike-zimmer,Mike Zimmer,mike-zimmer
coach-nathaniel-hackett,Nathaniel Hackett,nathaniel-hackett
coach-nick-caley,Nick Caley,nick-caley
coach-nick-holz,Nick Holz,nick-holz
coach-nick-sirianni,Nick Sirianni,nick-sirianni
coach-norv-turner,Norv Turner,norv-turner
coach-pat-shurmur,Pat Shurmur,pat-shurmur
coach-paul-hackett,Paul Hackett,paul-hackett
coach-pep-hamilton,Pep Hamilton,pep-hamilton
coach-pete-carmichael,Pete Carmichael,pete-carmichael
coach-pete-carmichael-jr,Pete Carmichael Jr,pete-carmichael-jr
coach-pete-carroll,Pete Carroll,pete-carroll
coach-press-taylor,Press Taylor,press-taylor
coach-raheem-morris,Raheem Morris,raheem-morris
coach-randy-fichtner,Randy Fichtner,randy-fichtner
coach-rex-ryan,Rex Ryan,rex-ryan
coach-rich-bisaccia,Rich Bisaccia,rich-bisaccia
coach-rich-scangarello,Rich Scangarello,rich-scangarello
coach-rick-dennison,Rick Dennison,rick-dennison
coach-rip-scherer,Rip Scherer,rip-scherer
coach-rob-boras,Rob Boras,rob-boras
coach-rob-calabrese,Rob Calabrese,rob-calabrese
coach-rob-chudzinski,Rob Chudzinski,rob-chudzinski
coach-robby-brown,Robby Brown,robby-brown
coach-robert-saleh,Robert Saleh,robert-saleh
coach-romeo-crennel,Romeo Crennel,romeo-crennel
coach-ron-rivera,Ron Rivera,ron-rivera
coach-ron-turner,Ron Turner,ron-turner
coach-ronald-curry,Ronald Curry,ronald-curry
coach-ryan-day,Ryan Day,ryan-day
coach-ryan-grubb,Ryan Grubb,ryan-grubb
coach-ryan-lindley,Ryan Lindley,ryan-lindley
coach-scot-loeffler,Scot Loeffler,scot-loeffler
coach-scott-linehan,Scott Linehan,scott-linehan
coach-scott-milanovich,Scott Milanovich,scott-milanovich
coach-scott-tolzien,Scott Tolzien,scott-tolzien
coach-scott-turner,Scott Turner,scott-turner
coach-sean-mannion,Sean Mannion,sean-mannion
coach-sean-mcdermott,Sean McDermott,sean-mcdermott
coach-sean-mcvay,Sean McVay,sean-mcvay
coach-sean-payton,Sean Payton,sean-payton
coach-sean-ryan,Sean Ryan,sean-ryan
coach-shane-day,Shane Day,shane-day
coach-shane-steichen,Shane Steichen,shane-steichen
coach-shane-waldron,Shane Waldron,shane-waldron
coach-shea-tierney,Shea Tierney,shea-tierney
coach-spencer-whipple,Spencer Whipple,spencer-whipple
coach-steve-logan,Steve Logan,steve-logan
coach-steve-sarkisian,Steve Sarkisian,steve-sarkisian
coach-steve-shimko,Steve Shimko,steve-shimko
coach-steve-spagnuolo,Steve Spagnuolo,steve-spagnuolo
coach-steve-wilks,Steve Wilks,steve-wilks
coach-t-c-mccartney,T.C. McCartney,t-c-mccartney
coach-t-j-yates,T.J. Yates,t-j-yates
coach-tanner-engstrand,Tanner Engstrand,tanner-engstrand
coach-tavita-pritchard,Tavita Pritchard,tavita-pritchard
coach-tee-martin,Tee Martin,tee-martin
coach-terry-robiskie,Terry Robiskie,terry-robiskie
coach-thaddeus-lewis,Thaddeus Lewis,thaddeus-lewis
coach-thomas-brown,Thomas Brown,thomas-brown
coach-tim-kelly,Tim Kelly,tim-kelly
coach-tim-rattay,Tim Rattay,tim-rattay
coach-todd-bowles,Todd Bowles,todd-bowles
coach-todd-downing,Todd Downing,todd-downing
coach-todd-haley,Todd Haley,todd-haley
coach-todd-monken,Todd Monken,todd-monken
coach-tom-arth,Tom Arth,tom-arth
coach-tom-cable,Tom Cable,tom-cable
coach-tom-clements,Tom Clements,tom-clements
coach-tom-coughlin,Tom Coughlin,tom-coughlin
coach-tommy-rees,Tommy Rees,tommy-rees
coach-tony-sparano,Tony Sparano,tony-sparano
coach-urban-meyer,Urban Meyer,urban-meyer
coach-vance-joseph,Vance Joseph,vance-joseph
coach-vic-fangio,Vic Fangio,vic-fangio
coach-wade-phillips,Wade Phillips,wade-phillips
coach-wade-wilson,Wade Wilson,wade-wilson
coach-wes-phillips,Wes Phillips,wes-phillips
coach-will-harriger,Will Harriger,will-harriger
coach-zac-robinson,Zac Robinson,zac-robinson
coach-zac-taylor,Zac Taylor,zac-taylor
